{"Train_loss": 2.43944674878081, "Train_acc": 0.615702479338843, "Train_F1": 0.4736771997037216, "Best_train_f1": 0.4146366571827494, "_timestamp": 1694817642.450045, "_runtime": 32.30721712112427, "_step": 3, "Val_loss": 2.3358969645066696, "Val_acc": 0.6181818181818182, "Val_F1": 0.4723492723492724, "Best_F1": 0.4723492723492724, "Best_F1_acc": 0.6181818181818182, "_wandb": {"runtime": 31}}