{"Train_loss": 1.0329959963964037, "Train_acc": 0.615702479338843, "Train_F1": 0.4729418123434743, "Best_train_f1": 0.47300720726527284, "_timestamp": 1694822406.0310109, "_runtime": 538.4290208816528, "_step": 199, "Val_loss": 1.029903652451255, "Val_acc": 0.6181818181818182, "Val_F1": 0.47270850924101704, "Best_F1": 0.4813008130081301, "Best_F1_acc": 0.6181818181818182, "_wandb": {"runtime": 537}}