{"Train_loss": 13.435040996094381, "Train_acc": 0.5537190082644629, "Train_F1": 0.4146366571827494, "Best_train_f1": 0.0, "_timestamp": 1694817245.4234726, "_runtime": 14.78898572921753, "_step": 0, "_wandb": {"runtime": 14}}