{"Train_loss": 13.435040996094381, "Train_acc": 0.5537190082644629, "Train_F1": 0.4146366571827494, "Best_train_f1": 0.0, "_timestamp": 1694817387.15331, "_runtime": 15.652277946472168, "_step": 0, "_wandb": {"runtime": 15}}