{"Train_loss": 1.0212548271683621, "Train_acc": 0.615702479338843, "Train_F1": 0.4729418123434743, "Best_train_f1": 0.47300720726527284, "_timestamp": 1694832360.5274365, "_runtime": 470.95642161369324, "_step": 199, "Val_loss": 1.018149523301558, "Val_acc": 0.6181818181818182, "Val_F1": 0.47270850924101704, "Best_F1": 0.4813008130081301, "Best_F1_acc": 0.6181818181818182, "_wandb": {"runtime": 470}}